INSERT INTO `htp`.`book` (`id`, `brief`, `publish_year`, `author`) VALUES ('1', 'Война и мир. Роман', '1930', 'Л.Н.Толстой');
INSERT INTO `htp`.`book` (`id`, `brief`, `publish_year`, `author`) VALUES ('2', 'Горе от ума', '1975', 'А.С.Грибоедов');
INSERT INTO `htp`.`book` (`id`, `brief`, `publish_year`, `author`) VALUES ('3', '451 градус по Фаренгейту', '1985', 'Р.Брэдбери');
INSERT INTO `htp`.`book` (`id`, `brief`, `publish_year`, `author`) VALUES ('4', 'И грянул гром:100 рассказов', '1976', 'Р.Брэдбери');
INSERT INTO `htp`.`book` (`id`, `brief`, `publish_year`, `author`) VALUES ('5', 'Кафка на пляже', '1961', 'Х.Мураками');
INSERT INTO `htp`.`book` (`id`, `brief`, `publish_year`, `author`) VALUES ('6', 'Пикник на обочине', '1999', 'А.и Б.Стругацкие');
INSERT INTO `htp`.`book` (`id`, `brief`, `publish_year`, `author`) VALUES ('7', 'Таинственный остров', '1935', 'Ж.Верн');
INSERT INTO `htp`.`book` (`id`, `brief`, `publish_year`, `author`) VALUES ('8', 'Война и мир', '1970', 'Л.Н.Толстой');
INSERT INTO `htp`.`book` (`id`, `brief`, `publish_year`, `author`) VALUES ('9', 'Война и мир', '1970', 'Л.Н.Толстой');
INSERT INTO `htp`.`book` (`id`, `brief`, `publish_year`, `author`) VALUES ('10', 'Война и мир', '1970', 'Л.Н.Толстой');
INSERT INTO `htp`.`book` (`id`, `brief`, `publish_year`, `author`) VALUES ('11', 'Война и мир', '1970', 'Л.Н.Толстой');
INSERT INTO `htp`.`book` (`id`, `brief`, `publish_year`, `author`) VALUES ('12', 'Война и мир', '1970', 'Л.Н.Толстой');
INSERT INTO `htp`.`book` (`id`, `brief`, `publish_year`, `author`) VALUES ('13', 'Война и мир', '1970', 'Л.Н.Толстой');
INSERT INTO `htp`.`book` (`id`, `brief`, `publish_year`, `author`) VALUES ('14', 'Война и мир', '1970', 'Л.Н.Толстой');
INSERT INTO `htp`.`book` (`id`, `brief`, `publish_year`, `author`) VALUES ('15', 'Война и мир', '1970', 'Л.Н.Толстой');
INSERT INTO `htp`.`book` (`id`, `brief`, `publish_year`, `author`) VALUES ('16', 'Война и мир', '1970', 'Л.Н.Толстой');
INSERT INTO `htp`.`book` (`id`, `brief`, `publish_year`, `author`) VALUES ('17', 'Война и мир', '1970', 'Л.Н.Толстой');
INSERT INTO `htp`.`book` (`id`, `brief`, `publish_year`, `author`) VALUES ('18', 'Война и мир', '1970', 'Л.Н.Толстой');
INSERT INTO `htp`.`book` (`id`, `brief`, `publish_year`, `author`) VALUES ('19', 'Война и мир', '1970', 'Л.Н.Толстой');
INSERT INTO `htp`.`book` (`id`, `brief`, `publish_year`, `author`) VALUES ('20', 'Война и мир', '1970', 'Л.Н.Толстой');

INSERT INTO `htp`.`employee` (`id`, `name`, `date_of_birth`, `email`) VALUES ('1', 'И.Иванов', STR_TO_DATE('30-01-1993', '%d-%m-%Y'), 'i.ivanov@gmail.com');
INSERT INTO `htp`.`employee` (`id`, `name`, `date_of_birth`, `email`) VALUES ('2', 'А.Аванов', STR_TO_DATE('20-06-1983', '%d-%m-%Y'), 'a.avanov@gmail.com');
INSERT INTO `htp`.`employee` (`id`, `name`, `date_of_birth`, `email`) VALUES ('3', 'Б.Бванов', STR_TO_DATE('10-01-1973', '%d-%m-%Y'), 'b.bvanov@gmail.com');
INSERT INTO `htp`.`employee` (`id`, `name`, `date_of_birth`, `email`) VALUES ('4', 'С.Сванов', STR_TO_DATE('05-04-1994', '%d-%m-%Y'), 'c.cvanov@gmail.com');
INSERT INTO `htp`.`employee` (`id`, `name`, `date_of_birth`, `email`) VALUES ('5', 'Д.Дванов', STR_TO_DATE('15-06-1962', '%d-%m-%Y'), 'd.dvanov@gmail.com');
INSERT INTO `htp`.`employee` (`id`, `name`, `date_of_birth`, `email`) VALUES ('6', 'Л.Лванов', STR_TO_DATE('25-09-1981', '%d-%m-%Y'), 'l.lvanov@gmail.com');
INSERT INTO `htp`.`employee` (`id`, `name`, `date_of_birth`, `email`) VALUES ('7', 'К.Кванов', STR_TO_DATE('16-05-1984', '%d-%m-%Y'), 'k.kvanov@gmail.com');
INSERT INTO `htp`.`employee` (`id`, `name`, `date_of_birth`, `email`) VALUES ('8', 'Ж.Жванов', STR_TO_DATE('26-11-1998', '%d-%m-%Y'), 'j.jvanov@gmail.com');
INSERT INTO `htp`.`employee` (`id`, `name`, `date_of_birth`, `email`) VALUES ('9', 'Н.Хванов', STR_TO_DATE('31-01-1955', '%d-%m-%Y'), 'h.hvanov@gmail.com');
INSERT INTO `htp`.`employee` (`id`, `name`, `date_of_birth`, `email`) VALUES ('10', 'Г.Гванов', STR_TO_DATE('04-02-1978', '%d-%m-%Y'), 'g.gvanov@gmail.com');
INSERT INTO `htp`.`employee` (`id`, `name`, `date_of_birth`, `email`) VALUES ('11', 'Ф.Фванов', STR_TO_DATE('07-09-1987', '%d-%m-%Y'), 'f.fvanov@gmail.com');
INSERT INTO `htp`.`employee` (`id`, `name`, `date_of_birth`, `email`) VALUES ('12', 'Е.Еванов', STR_TO_DATE('18-04-1982', '%d-%m-%Y'), 'e.evanov@gmail.com');

INSERT INTO `htp`.`mm_employee_book` (`book_id`, `employee_id`) VALUES ('1', '12');
INSERT INTO `htp`.`mm_employee_book` (`book_id`, `employee_id`) VALUES ('2', '11');
INSERT INTO `htp`.`mm_employee_book` (`book_id`, `employee_id`) VALUES ('3', '10');
INSERT INTO `htp`.`mm_employee_book` (`book_id`, `employee_id`) VALUES ('4', '10');
INSERT INTO `htp`.`mm_employee_book` (`book_id`, `employee_id`) VALUES ('5', '10');
INSERT INTO `htp`.`mm_employee_book` (`book_id`, `employee_id`) VALUES ('6', '9');
INSERT INTO `htp`.`mm_employee_book` (`book_id`, `employee_id`) VALUES ('7', '8');